run_dir,final_file,run_name,cfg_name,loss_abbr,residual_name,residual_mode,use_weight,use_norm,tau,epsA,neuron_div,numNeurons,cfg_feature_idx,feature_idx,nfeatures,seed,final_train_loss,mean_abs_gt,mean_abs_pred,mean_abs_err,mean_dphi,std_dphi,mean_abs_dphi,complex_nrse,complex_mae,nrse_re,nrse_im,mag_nrse,mag_mae,loss_rank
MIMOSA_loss8Abl_minChange_v1/L01_LOSS01__WRCL_F16_seed0,MIMOSA_loss8Abl_minChange_v1/L01_LOSS01__WRCL_F16_seed0/L01_LOSS01__WRCL_F16_seed0_final.mat,L01_LOSS01__WRCL_F16_seed0,LOSS01__WRCL,WRCL,Charb,1,1,1,0.01,0.0001,2,[80 120 160 180 240 260 300],[1 2 3 4 5 6 7 8 9 10 11 16 17 18 19 20],[1 2 3 4 5 6 7 8 9 10 11 16 17 18 19 20],16,0,0.30120974779129,0.03003563,0.03002642,4.546054e-05,9.734477e-06,0.003443734,0.001052237,0.001675445,4.546054e-05,0.001357181,0.00446424,0.001303408,3.229944e-05,1
MIMOSA_loss8Abl_minChange_v1/L01_LOSS01__WRCL_F16_seed1,MIMOSA_loss8Abl_minChange_v1/L01_LOSS01__WRCL_F16_seed1/L01_LOSS01__WRCL_F16_seed1_final.mat,L01_LOSS01__WRCL_F16_seed1,LOSS01__WRCL,WRCL,Charb,1,1,1,0.01,0.0001,2,[80 120 160 180 240 260 300],[1 2 3 4 5 6 7 8 9 10 11 16 17 18 19 20],[1 2 3 4 5 6 7 8 9 10 11 16 17 18 19 20],16,1,0.301020711660385,0.03004601,0.0300194,6.330727e-05,-0.0009425613,0.007953559,0.0016603,0.002346422,6.330727e-05,0.001926144,0.006136275,0.001678396,4.184033e-05,1
MIMOSA_loss8Abl_minChange_v1/L01_LOSS01__WRCL_F16_seed2,MIMOSA_loss8Abl_minChange_v1/L01_LOSS01__WRCL_F16_seed2/L01_LOSS01__WRCL_F16_seed2_final.mat,L01_LOSS01__WRCL_F16_seed2,LOSS01__WRCL,WRCL,Charb,1,1,1,0.01,0.0001,2,[80 120 160 180 240 260 300],[1 2 3 4 5 6 7 8 9 10 11 16 17 18 19 20],[1 2 3 4 5 6 7 8 9 10 11 16 17 18 19 20],16,2,0.300821036100388,0.03004679,0.03005453,4.693045e-05,-0.0002001841,0.004267295,0.001109723,0.001734519,4.693045e-05,0.001335776,0.004994133,0.001327099,3.285688e-05,1
MIMOSA_loss8Abl_minChange_v1/L01_LOSS01__WRCL_F16_seed3,MIMOSA_loss8Abl_minChange_v1/L01_LOSS01__WRCL_F16_seed3/L01_LOSS01__WRCL_F16_seed3_final.mat,L01_LOSS01__WRCL_F16_seed3,LOSS01__WRCL,WRCL,Charb,1,1,1,0.01,0.0001,2,[80 120 160 180 240 260 300],[1 2 3 4 5 6 7 8 9 10 11 16 17 18 19 20],[1 2 3 4 5 6 7 8 9 10 11 16 17 18 19 20],16,3,0.301341593265533,0.03008805,0.03010933,5.238934e-05,-6.290392e-05,0.007586652,0.001293615,0.001914535,5.238934e-05,0.001558204,0.005086481,0.001504276,3.756205e-05,1
MIMOSA_loss8Abl_minChange_v1/L01_LOSS01__WRCL_F16_seed4,MIMOSA_loss8Abl_minChange_v1/L01_LOSS01__WRCL_F16_seed4/L01_LOSS01__WRCL_F16_seed4_final.mat,L01_LOSS01__WRCL_F16_seed4,LOSS01__WRCL,WRCL,Charb,1,1,1,0.01,0.0001,2,[80 120 160 180 240 260 300],[1 2 3 4 5 6 7 8 9 10 11 16 17 18 19 20],[1 2 3 4 5 6 7 8 9 10 11 16 17 18 19 20],16,4,0.301628470420837,0.030074,0.02995525,0.0001585779,-0.002235828,0.01273597,0.003174433,0.005293437,0.0001585779,0.004908855,0.009859383,0.004355724,0.0001285531,1
MIMOSA_loss8Abl_minChange_v1/L02_LOSS02__WCL_F16_seed0,MIMOSA_loss8Abl_minChange_v1/L02_LOSS02__WCL_F16_seed0/L02_LOSS02__WCL_F16_seed0_final.mat,L02_LOSS02__WCL_F16_seed0,LOSS02__WCL,WCL,Charb,1,1,0,0.01,0.0001,2,[80 120 160 180 240 260 300],[1 2 3 4 5 6 7 8 9 10 11 16 17 18 19 20],[1 2 3 4 5 6 7 8 9 10 11 16 17 18 19 20],16,0,0.00882027950137854,0.03003563,0.03002037,5.841195e-05,-0.000685973,0.00642447,0.001590138,0.002136864,5.841195e-05,0.001666876,0.006023319,0.00152365,3.798915e-05,2
MIMOSA_loss8Abl_minChange_v1/L02_LOSS02__WCL_F16_seed1,MIMOSA_loss8Abl_minChange_v1/L02_LOSS02__WCL_F16_seed1/L02_LOSS02__WCL_F16_seed1_final.mat,L02_LOSS02__WCL_F16_seed1,LOSS02__WCL,WCL,Charb,1,1,0,0.01,0.0001,2,[80 120 160 180 240 260 300],[1 2 3 4 5 6 7 8 9 10 11 16 17 18 19 20],[1 2 3 4 5 6 7 8 9 10 11 16 17 18 19 20],16,1,0.00882242247462273,0.03004601,0.03002944,5.994885e-05,-0.0003538408,0.004854177,0.00148793,0.002216532,5.994885e-05,0.001795056,0.00593157,0.001668022,4.144164e-05,2
MIMOSA_loss8Abl_minChange_v1/L02_LOSS02__WCL_F16_seed2,MIMOSA_loss8Abl_minChange_v1/L02_LOSS02__WCL_F16_seed2/L02_LOSS02__WCL_F16_seed2_final.mat,L02_LOSS02__WCL_F16_seed2,LOSS02__WCL,WCL,Charb,1,1,0,0.01,0.0001,2,[80 120 160 180 240 260 300],[1 2 3 4 5 6 7 8 9 10 11 16 17 18 19 20],[1 2 3 4 5 6 7 8 9 10 11 16 17 18 19 20],16,2,0.00882464647293091,0.03004679,0.03005302,6.101633e-05,-0.00111207,0.006361744,0.001798909,0.002204181,6.101633e-05,0.001490946,0.007216209,0.00146013,3.617729e-05,2
MIMOSA_loss8Abl_minChange_v1/L02_LOSS02__WCL_F16_seed3,MIMOSA_loss8Abl_minChange_v1/L02_LOSS02__WCL_F16_seed3/L02_LOSS02__WCL_F16_seed3_final.mat,L02_LOSS02__WCL_F16_seed3,LOSS02__WCL,WCL,Charb,1,1,0,0.01,0.0001,2,[80 120 160 180 240 260 300],[1 2 3 4 5 6 7 8 9 10 11 16 17 18 19 20],[1 2 3 4 5 6 7 8 9 10 11 16 17 18 19 20],16,3,0.00881915166974068,0.03008805,0.03006612,5.604205e-05,8.129605e-05,0.006378767,0.001327442,0.002041063,5.604205e-05,0.001650928,0.005478551,0.001595312,4.030127e-05,2
MIMOSA_loss8Abl_minChange_v1/L02_LOSS02__WCL_F16_seed4,MIMOSA_loss8Abl_minChange_v1/L02_LOSS02__WCL_F16_seed4/L02_LOSS02__WCL_F16_seed4_final.mat,L02_LOSS02__WCL_F16_seed4,LOSS02__WCL,WCL,Charb,1,1,0,0.01,0.0001,2,[80 120 160 180 240 260 300],[1 2 3 4 5 6 7 8 9 10 11 16 17 18 19 20],[1 2 3 4 5 6 7 8 9 10 11 16 17 18 19 20],16,4,0.00881739426404238,0.030074,0.03007859,7.314382e-05,-0.001430501,0.007896481,0.002221426,0.002641614,7.314382e-05,0.00169677,0.008902762,0.001673494,4.134335e-05,2
MIMOSA_loss8Abl_minChange_v1/L03_LOSS03__RCL_F16_seed0,MIMOSA_loss8Abl_minChange_v1/L03_LOSS03__RCL_F16_seed0/L03_LOSS03__RCL_F16_seed0_final.mat,L03_LOSS03__RCL_F16_seed0,LOSS03__RCL,RCL,Charb,1,0,1,0.01,0.0001,2,[80 120 160 180 240 260 300],[1 2 3 4 5 6 7 8 9 10 11 16 17 18 19 20],[1 2 3 4 5 6 7 8 9 10 11 16 17 18 19 20],16,0,0.35407155752182,0.03003563,0.03003627,9.343515e-05,-0.002496071,0.008128855,0.0032061,0.003292429,9.343515e-05,0.001602729,0.01255285,0.001502742,3.650348e-05,3
MIMOSA_loss8Abl_minChange_v1/L03_LOSS03__RCL_F16_seed1,MIMOSA_loss8Abl_minChange_v1/L03_LOSS03__RCL_F16_seed1/L03_LOSS03__RCL_F16_seed1_final.mat,L03_LOSS03__RCL_F16_seed1,LOSS03__RCL,RCL,Charb,1,0,1,0.01,0.0001,2,[80 120 160 180 240 260 300],[1 2 3 4 5 6 7 8 9 10 11 16 17 18 19 20],[1 2 3 4 5 6 7 8 9 10 11 16 17 18 19 20],16,1,0.353680670261383,0.03004601,0.03010082,9.213694e-05,0.001589389,0.007680829,0.00228366,0.003240375,9.213694e-05,0.002593975,0.008832825,0.002473565,6.543387e-05,3
MIMOSA_loss8Abl_minChange_v1/L03_LOSS03__RCL_F16_seed2,MIMOSA_loss8Abl_minChange_v1/L03_LOSS03__RCL_F16_seed2/L03_LOSS03__RCL_F16_seed2_final.mat,L03_LOSS03__RCL_F16_seed2,LOSS03__RCL,RCL,Charb,1,0,1,0.01,0.0001,2,[80 120 160 180 240 260 300],[1 2 3 4 5 6 7 8 9 10 11 16 17 18 19 20],[1 2 3 4 5 6 7 8 9 10 11 16 17 18 19 20],16,2,0.353322833776474,0.03004679,0.03007976,6.601854e-05,-0.001234968,0.005929726,0.00179899,0.002361477,6.601854e-05,0.001661215,0.007486147,0.001702182,4.30223e-05,3
MIMOSA_loss8Abl_minChange_v1/L03_LOSS03__RCL_F16_seed3,MIMOSA_loss8Abl_minChange_v1/L03_LOSS03__RCL_F16_seed3/L03_LOSS03__RCL_F16_seed3_final.mat,L03_LOSS03__RCL_F16_seed3,LOSS03__RCL,RCL,Charb,1,0,1,0.01,0.0001,2,[80 120 160 180 240 260 300],[1 2 3 4 5 6 7 8 9 10 11 16 17 18 19 20],[1 2 3 4 5 6 7 8 9 10 11 16 17 18 19 20],16,3,0.354288011789322,0.03008805,0.03009044,4.565856e-05,9.758946e-05,0.003902773,0.001114369,0.001681564,4.565856e-05,0.001308495,0.004779757,0.001259535,3.116686e-05,3
MIMOSA_loss8Abl_minChange_v1/L03_LOSS03__RCL_F16_seed4,MIMOSA_loss8Abl_minChange_v1/L03_LOSS03__RCL_F16_seed4/L03_LOSS03__RCL_F16_seed4_final.mat,L03_LOSS03__RCL_F16_seed4,LOSS03__RCL,RCL,Charb,1,0,1,0.01,0.0001,2,[80 120 160 180 240 260 300],[1 2 3 4 5 6 7 8 9 10 11 16 17 18 19 20],[1 2 3 4 5 6 7 8 9 10 11 16 17 18 19 20],16,4,0.354623734951019,0.030074,0.03002409,7.370143e-05,-0.000359256,0.008309132,0.001437024,0.002555382,7.370143e-05,0.002385497,0.004618567,0.002170124,6.062436e-05,3
MIMOSA_loss8Abl_minChange_v1/L04_LOSS04__CL_F16_seed0,MIMOSA_loss8Abl_minChange_v1/L04_LOSS04__CL_F16_seed0/L04_LOSS04__CL_F16_seed0_final.mat,L04_LOSS04__CL_F16_seed0,LOSS04__CL,CL,Charb,1,0,0,0.01,0.0001,2,[80 120 160 180 240 260 300],[1 2 3 4 5 6 7 8 9 10 11 16 17 18 19 20],[1 2 3 4 5 6 7 8 9 10 11 16 17 18 19 20],16,0,0.0100003844127059,0.03003563,0.03007473,6.639474e-05,4.321232e-05,0.008385245,0.001461203,0.002406568,6.639474e-05,0.00207527,0.005668549,0.001974341,5.063524e-05,4
MIMOSA_loss8Abl_minChange_v1/L04_LOSS04__CL_F16_seed1,MIMOSA_loss8Abl_minChange_v1/L04_LOSS04__CL_F16_seed1/L04_LOSS04__CL_F16_seed1_final.mat,L04_LOSS04__CL_F16_seed1,LOSS04__CL,CL,Charb,1,0,0,0.01,0.0001,2,[80 120 160 180 240 260 300],[1 2 3 4 5 6 7 8 9 10 11 16 17 18 19 20],[1 2 3 4 5 6 7 8 9 10 11 16 17 18 19 20],16,1,0.010000548325479,0.03004601,0.03010378,9.844044e-05,-0.0002228227,0.008066989,0.00201248,0.003595351,9.844044e-05,0.003176674,0.007980443,0.003061032,7.791826e-05,4
MIMOSA_loss8Abl_minChange_v1/L04_LOSS04__CL_F16_seed2,MIMOSA_loss8Abl_minChange_v1/L04_LOSS04__CL_F16_seed2/L04_LOSS04__CL_F16_seed2_final.mat,L04_LOSS04__CL_F16_seed2,LOSS04__CL,CL,Charb,1,0,0,0.01,0.0001,2,[80 120 160 180 240 260 300],[1 2 3 4 5 6 7 8 9 10 11 16 17 18 19 20],[1 2 3 4 5 6 7 8 9 10 11 16 17 18 19 20],16,2,0.0100003033876419,0.03004679,0.03002203,5.763587e-05,-0.0001863845,0.007439256,0.001346692,0.002108922,5.763587e-05,0.001755798,0.005375575,0.001665469,4.198542e-05,4
MIMOSA_loss8Abl_minChange_v1/L04_LOSS04__CL_F16_seed3,MIMOSA_loss8Abl_minChange_v1/L04_LOSS04__CL_F16_seed3/L04_LOSS04__CL_F16_seed3_final.mat,L04_LOSS04__CL_F16_seed3,LOSS04__CL,CL,Charb,1,0,0,0.01,0.0001,2,[80 120 160 180 240 260 300],[1 2 3 4 5 6 7 8 9 10 11 16 17 18 19 20],[1 2 3 4 5 6 7 8 9 10 11 16 17 18 19 20],16,3,0.0100003089755774,0.03008805,0.03007579,5.379306e-05,0.0002671865,0.006671222,0.001320419,0.001979897,5.379306e-05,0.001582094,0.005417431,0.001511951,3.761593e-05,4
MIMOSA_loss8Abl_minChange_v1/L04_LOSS04__CL_F16_seed4,MIMOSA_loss8Abl_minChange_v1/L04_LOSS04__CL_F16_seed4/L04_LOSS04__CL_F16_seed4_final.mat,L04_LOSS04__CL_F16_seed4,LOSS04__CL,CL,Charb,1,0,0,0.01,0.0001,2,[80 120 160 180 240 260 300],[1 2 3 4 5 6 7 8 9 10 11 16 17 18 19 20],[1 2 3 4 5 6 7 8 9 10 11 16 17 18 19 20],16,4,0.0100002959370613,0.030074,0.03007873,6.705571e-05,0.001358439,0.009010607,0.002037957,0.002392272,6.705571e-05,0.001574736,0.007931654,0.001544421,3.829282e-05,4
MIMOSA_loss8Abl_minChange_v1/L05_LOSS05__WRL1_F16_seed0,MIMOSA_loss8Abl_minChange_v1/L05_LOSS05__WRL1_F16_seed0/L05_LOSS05__WRL1_F16_seed0_final.mat,L05_LOSS05__WRL1_F16_seed0,LOSS05__WRL1,WRL1,L1,2,1,1,0.01,0.0001,2,[80 120 160 180 240 260 300],[1 2 3 4 5 6 7 8 9 10 11 16 17 18 19 20],[1 2 3 4 5 6 7 8 9 10 11 16 17 18 19 20],16,0,0.00227875355631113,0.03003563,0.03003426,5.913515e-05,0.0008211052,0.004745701,0.001461481,0.002203621,5.913515e-05,0.001620015,0.006666545,0.001577205,3.837528e-05,5
MIMOSA_loss8Abl_minChange_v1/L05_LOSS05__WRL1_F16_seed1,MIMOSA_loss8Abl_minChange_v1/L05_LOSS05__WRL1_F16_seed1/L05_LOSS05__WRL1_F16_seed1_final.mat,L05_LOSS05__WRL1_F16_seed1,LOSS05__WRL1,WRL1,L1,2,1,1,0.01,0.0001,2,[80 120 160 180 240 260 300],[1 2 3 4 5 6 7 8 9 10 11 16 17 18 19 20],[1 2 3 4 5 6 7 8 9 10 11 16 17 18 19 20],16,1,0.00365186086855829,0.03004601,0.02996073,0.0001172886,-0.001167741,0.01053015,0.002192111,0.004044934,0.0001172886,0.003811744,0.007011569,0.003549195,9.879377e-05,5
MIMOSA_loss8Abl_minChange_v1/L05_LOSS05__WRL1_F16_seed2,MIMOSA_loss8Abl_minChange_v1/L05_LOSS05__WRL1_F16_seed2/L05_LOSS05__WRL1_F16_seed2_final.mat,L05_LOSS05__WRL1_F16_seed2,LOSS05__WRL1,WRL1,L1,2,1,1,0.01,0.0001,2,[80 120 160 180 240 260 300],[1 2 3 4 5 6 7 8 9 10 11 16 17 18 19 20],[1 2 3 4 5 6 7 8 9 10 11 16 17 18 19 20],16,2,0.00228319549933076,0.03004679,0.03008633,6.904673e-05,-0.0008548621,0.005932413,0.001485204,0.002550971,6.904673e-05,0.002065328,0.00683161,0.002081166,5.220254e-05,5
MIMOSA_loss8Abl_minChange_v1/L05_LOSS05__WRL1_F16_seed3,MIMOSA_loss8Abl_minChange_v1/L05_LOSS05__WRL1_F16_seed3/L05_LOSS05__WRL1_F16_seed3_final.mat,L05_LOSS05__WRL1_F16_seed3,LOSS05__WRL1,WRL1,L1,2,1,1,0.01,0.0001,2,[80 120 160 180 240 260 300],[1 2 3 4 5 6 7 8 9 10 11 16 17 18 19 20],[1 2 3 4 5 6 7 8 9 10 11 16 17 18 19 20],16,3,0.00230116792954504,0.03008805,0.0300338,7.781189e-05,0.0007621031,0.007534186,0.001521884,0.002829604,7.781189e-05,0.002411198,0.006881696,0.002398385,6.189047e-05,5
MIMOSA_loss8Abl_minChange_v1/L05_LOSS05__WRL1_F16_seed4,MIMOSA_loss8Abl_minChange_v1/L05_LOSS05__WRL1_F16_seed4/L05_LOSS05__WRL1_F16_seed4_final.mat,L05_LOSS05__WRL1_F16_seed4,LOSS05__WRL1,WRL1,L1,2,1,1,0.01,0.0001,2,[80 120 160 180 240 260 300],[1 2 3 4 5 6 7 8 9 10 11 16 17 18 19 20],[1 2 3 4 5 6 7 8 9 10 11 16 17 18 19 20],16,4,0.00225701206363738,0.030074,0.03009072,5.352328e-05,-0.0001685691,0.007116168,0.001235801,0.002024248,5.352328e-05,0.001647023,0.005340228,0.001589917,3.84102e-05,5
MIMOSA_loss8Abl_minChange_v1/L06_LOSS06__WL1_F16_seed0,MIMOSA_loss8Abl_minChange_v1/L06_LOSS06__WL1_F16_seed0/L06_LOSS06__WL1_F16_seed0_final.mat,L06_LOSS06__WL1_F16_seed0,LOSS06__WL1,WL1,L1,2,1,0,0.01,0.0001,2,[80 120 160 180 240 260 300],[1 2 3 4 5 6 7 8 9 10 11 16 17 18 19 20],[1 2 3 4 5 6 7 8 9 10 11 16 17 18 19 20],16,0,6.9619454734493e-05,0.03003563,0.03004449,6.358203e-05,0.001323101,0.006525832,0.00190522,0.00232418,6.358203e-05,0.001635862,0.007331919,0.001540484,3.754042e-05,6
MIMOSA_loss8Abl_minChange_v1/L06_LOSS06__WL1_F16_seed1,MIMOSA_loss8Abl_minChange_v1/L06_LOSS06__WL1_F16_seed1/L06_LOSS06__WL1_F16_seed1_final.mat,L06_LOSS06__WL1_F16_seed1,LOSS06__WL1,WL1,L1,2,1,0,0.01,0.0001,2,[80 120 160 180 240 260 300],[1 2 3 4 5 6 7 8 9 10 11 16 17 18 19 20],[1 2 3 4 5 6 7 8 9 10 11 16 17 18 19 20],16,1,6.9158042606432e-05,0.03004601,0.03004324,5.725384e-05,0.0007877029,0.006324754,0.001537864,0.002118893,5.725384e-05,0.00160546,0.006222888,0.001493527,3.660502e-05,6
MIMOSA_loss8Abl_minChange_v1/L06_LOSS06__WL1_F16_seed2,MIMOSA_loss8Abl_minChange_v1/L06_LOSS06__WL1_F16_seed2/L06_LOSS06__WL1_F16_seed2_final.mat,L06_LOSS06__WL1_F16_seed2,LOSS06__WL1,WL1,L1,2,1,0,0.01,0.0001,2,[80 120 160 180 240 260 300],[1 2 3 4 5 6 7 8 9 10 11 16 17 18 19 20],[1 2 3 4 5 6 7 8 9 10 11 16 17 18 19 20],16,2,7.46003570384346e-05,0.03004679,0.03004793,7.616961e-05,-0.0006778698,0.008580543,0.002200953,0.002810109,7.616961e-05,0.002109443,0.008345628,0.001906657,4.700701e-05,6
MIMOSA_loss8Abl_minChange_v1/L06_LOSS06__WL1_F16_seed3,MIMOSA_loss8Abl_minChange_v1/L06_LOSS06__WL1_F16_seed3/L06_LOSS06__WL1_F16_seed3_final.mat,L06_LOSS06__WL1_F16_seed3,LOSS06__WL1,WL1,L1,2,1,0,0.01,0.0001,2,[80 120 160 180 240 260 300],[1 2 3 4 5 6 7 8 9 10 11 16 17 18 19 20],[1 2 3 4 5 6 7 8 9 10 11 16 17 18 19 20],16,3,6.9748901296407e-05,0.03008805,0.03003433,7.989776e-05,0.0009022345,0.01064305,0.001712698,0.002852338,7.989776e-05,0.002403334,0.007105244,0.002387167,6.315928e-05,6
MIMOSA_loss8Abl_minChange_v1/L06_LOSS06__WL1_F16_seed4,MIMOSA_loss8Abl_minChange_v1/L06_LOSS06__WL1_F16_seed4/L06_LOSS06__WL1_F16_seed4_final.mat,L06_LOSS06__WL1_F16_seed4,LOSS06__WL1,WL1,L1,2,1,0,0.01,0.0001,2,[80 120 160 180 240 260 300],[1 2 3 4 5 6 7 8 9 10 11 16 17 18 19 20],[1 2 3 4 5 6 7 8 9 10 11 16 17 18 19 20],16,4,6.86756247887388e-05,0.030074,0.03004748,7.283429e-05,-0.001259887,0.008129702,0.001917507,0.002614683,7.283429e-05,0.002078554,0.007155791,0.001908191,4.870537e-05,6
MIMOSA_loss8Abl_minChange_v1/L07_LOSS07__RL1_F16_seed0,MIMOSA_loss8Abl_minChange_v1/L07_LOSS07__RL1_F16_seed0/L07_LOSS07__RL1_F16_seed0_final.mat,L07_LOSS07__RL1_F16_seed0,LOSS07__RL1,RL1,L1,2,0,1,0.01,0.0001,2,[80 120 160 180 240 260 300],[1 2 3 4 5 6 7 8 9 10 11 16 17 18 19 20],[1 2 3 4 5 6 7 8 9 10 11 16 17 18 19 20],16,0,0.00268831662833691,0.03003563,0.03006883,6.535365e-05,-0.000800555,0.004926064,0.001433631,0.002440055,6.535365e-05,0.001869054,0.00704297,0.001886959,4.679924e-05,7
MIMOSA_loss8Abl_minChange_v1/L07_LOSS07__RL1_F16_seed1,MIMOSA_loss8Abl_minChange_v1/L07_LOSS07__RL1_F16_seed1/L07_LOSS07__RL1_F16_seed1_final.mat,L07_LOSS07__RL1_F16_seed1,LOSS07__RL1,RL1,L1,2,0,1,0.01,0.0001,2,[80 120 160 180 240 260 300],[1 2 3 4 5 6 7 8 9 10 11 16 17 18 19 20],[1 2 3 4 5 6 7 8 9 10 11 16 17 18 19 20],16,1,0.00262255570851266,0.03004601,0.03007599,5.891972e-05,-0.0004409768,0.00633174,0.00127548,0.002199674,5.891972e-05,0.001813154,0.005710271,0.001784849,4.437997e-05,7
MIMOSA_loss8Abl_minChange_v1/L07_LOSS07__RL1_F16_seed2,MIMOSA_loss8Abl_minChange_v1/L07_LOSS07__RL1_F16_seed2/L07_LOSS07__RL1_F16_seed2_final.mat,L07_LOSS07__RL1_F16_seed2,LOSS07__RL1,RL1,L1,2,0,1,0.01,0.0001,2,[80 120 160 180 240 260 300],[1 2 3 4 5 6 7 8 9 10 11 16 17 18 19 20],[1 2 3 4 5 6 7 8 9 10 11 16 17 18 19 20],16,2,0.00261573679745197,0.03004679,0.03002019,6.193013e-05,0.0006641337,0.006934368,0.001442199,0.002295596,6.193013e-05,0.001883665,0.006009316,0.001823114,4.513725e-05,7
MIMOSA_loss8Abl_minChange_v1/L07_LOSS07__RL1_F16_seed3,MIMOSA_loss8Abl_minChange_v1/L07_LOSS07__RL1_F16_seed3/L07_LOSS07__RL1_F16_seed3_final.mat,L07_LOSS07__RL1_F16_seed3,LOSS07__RL1,RL1,L1,2,0,1,0.01,0.0001,2,[80 120 160 180 240 260 300],[1 2 3 4 5 6 7 8 9 10 11 16 17 18 19 20],[1 2 3 4 5 6 7 8 9 10 11 16 17 18 19 20],16,3,0.00266847782768309,0.03008805,0.03007219,6.202707e-05,0.001017712,0.0045213,0.001575378,0.002258012,6.202707e-05,0.00171063,0.006639519,0.001613867,4.019795e-05,7
MIMOSA_loss8Abl_minChange_v1/L07_LOSS07__RL1_F16_seed4,MIMOSA_loss8Abl_minChange_v1/L07_LOSS07__RL1_F16_seed4/L07_LOSS07__RL1_F16_seed4_final.mat,L07_LOSS07__RL1_F16_seed4,LOSS07__RL1,RL1,L1,2,0,1,0.01,0.0001,2,[80 120 160 180 240 260 300],[1 2 3 4 5 6 7 8 9 10 11 16 17 18 19 20],[1 2 3 4 5 6 7 8 9 10 11 16 17 18 19 20],16,4,0.00251510995440185,0.030074,0.03007367,5.986654e-05,-0.0006555173,0.005849926,0.001506239,0.002233149,5.986654e-05,0.001676346,0.006585714,0.001622216,3.961148e-05,7
MIMOSA_loss8Abl_minChange_v1/L08_LOSS08__L1_F16_seed0,MIMOSA_loss8Abl_minChange_v1/L08_LOSS08__L1_F16_seed0/L08_LOSS08__L1_F16_seed0_final.mat,L08_LOSS08__L1_F16_seed0,LOSS08__L1,L1,L1,2,0,0,0.01,0.0001,2,[80 120 160 180 240 260 300],[1 2 3 4 5 6 7 8 9 10 11 16 17 18 19 20],[1 2 3 4 5 6 7 8 9 10 11 16 17 18 19 20],16,0,8.12900907476433e-05,0.03003563,0.03006007,7.107236e-05,0.0008764673,0.006718841,0.001772126,0.002639134,7.107236e-05,0.002238812,0.006450346,0.001926873,4.864984e-05,8
MIMOSA_loss8Abl_minChange_v1/L08_LOSS08__L1_F16_seed1,MIMOSA_loss8Abl_minChange_v1/L08_LOSS08__L1_F16_seed1/L08_LOSS08__L1_F16_seed1_final.mat,L08_LOSS08__L1_F16_seed1,LOSS08__L1,L1,L1,2,0,0,0.01,0.0001,2,[80 120 160 180 240 260 300],[1 2 3 4 5 6 7 8 9 10 11 16 17 18 19 20],[1 2 3 4 5 6 7 8 9 10 11 16 17 18 19 20],16,1,8.02643990027718e-05,0.03004601,0.03001175,7.451652e-05,0.001128491,0.006503134,0.001964407,0.002683197,7.451652e-05,0.002051997,0.007791644,0.001960694,4.929702e-05,8
MIMOSA_loss8Abl_minChange_v1/L08_LOSS08__L1_F16_seed2,MIMOSA_loss8Abl_minChange_v1/L08_LOSS08__L1_F16_seed2/L08_LOSS08__L1_F16_seed2_final.mat,L08_LOSS08__L1_F16_seed2,LOSS08__L1,L1,L1,2,0,0,0.01,0.0001,2,[80 120 160 180 240 260 300],[1 2 3 4 5 6 7 8 9 10 11 16 17 18 19 20],[1 2 3 4 5 6 7 8 9 10 11 16 17 18 19 20],16,2,7.68362297094427e-05,0.03004679,0.03008693,6.643865e-05,-0.000749008,0.006712492,0.001470435,0.002414807,6.643865e-05,0.002009975,0.006158129,0.002018998,5.17772e-05,8
MIMOSA_loss8Abl_minChange_v1/L08_LOSS08__L1_F16_seed3,MIMOSA_loss8Abl_minChange_v1/L08_LOSS08__L1_F16_seed3/L08_LOSS08__L1_F16_seed3_final.mat,L08_LOSS08__L1_F16_seed3,LOSS08__L1,L1,L1,2,0,0,0.01,0.0001,2,[80 120 160 180 240 260 300],[1 2 3 4 5 6 7 8 9 10 11 16 17 18 19 20],[1 2 3 4 5 6 7 8 9 10 11 16 17 18 19 20],16,3,7.69079051679e-05,0.03008805,0.0301085,6.554954e-05,-0.001256448,0.005126213,0.001756878,0.002373433,6.554954e-05,0.001651234,0.007602264,0.001667873,4.136967e-05,8
MIMOSA_loss8Abl_minChange_v1/L08_LOSS08__L1_F16_seed4,MIMOSA_loss8Abl_minChange_v1/L08_LOSS08__L1_F16_seed4/L08_LOSS08__L1_F16_seed4_final.mat,L08_LOSS08__L1_F16_seed4,LOSS08__L1,L1,L1,2,0,0,0.01,0.0001,2,[80 120 160 180 240 260 300],[1 2 3 4 5 6 7 8 9 10 11 16 17 18 19 20],[1 2 3 4 5 6 7 8 9 10 11 16 17 18 19 20],16,4,7.70973128965124e-05,0.030074,0.03006116,6.262375e-05,-0.0008955465,0.007080396,0.00173168,0.002293539,6.262375e-05,0.00171749,0.006782564,0.001645349,4.066108e-05,8
