run_dir,final_file,run_name,cfg_name,loss_abbr,residual_name,use_weight,use_norm,tau,epsA,seed,nepoch,initial_loss,final_loss,best_loss,initial_loss_norm,final_loss_norm,best_loss_norm,TV_norm,Curv_norm,IncFrac_norm,Epoch95,complex_nrse,complex_mae,mean_abs_dphi,mag_mae,loss_rank
MIMOSA_loss8Abl_minChange_v1/L01_LOSS01__WRCL_F16_seed0,MIMOSA_loss8Abl_minChange_v1/L01_LOSS01__WRCL_F16_seed0/L01_LOSS01__WRCL_F16_seed0_final.mat,L01_LOSS01__WRCL_F16_seed0,LOSS01__WRCL,WRCL,Charb,1,1,0.01,0.0001,0,1000,4.18236589431763,0.30120974779129,0.299826115369797,1,0.0720189852830736,0.0716881599902954,0.00102460039348205,0.00109773832998997,0.500500500500501,2,0.001675445,4.546054e-05,0.001052237,3.229944e-05,1
MIMOSA_loss8Abl_minChange_v1/L01_LOSS01__WRCL_F16_seed1,MIMOSA_loss8Abl_minChange_v1/L01_LOSS01__WRCL_F16_seed1/L01_LOSS01__WRCL_F16_seed1_final.mat,L01_LOSS01__WRCL_F16_seed1,LOSS01__WRCL,WRCL,Charb,1,1,0.01,0.0001,1,1000,2.85003232955933,0.301020711660385,0.300205022096634,1,0.10562010421367,0.105333900595805,0.001031460530888,0.0011308949550473,0.510510510510511,2,0.002346422,6.330727e-05,0.0016603,4.184033e-05,1
MIMOSA_loss8Abl_minChange_v1/L01_LOSS01__WRCL_F16_seed2,MIMOSA_loss8Abl_minChange_v1/L01_LOSS01__WRCL_F16_seed2/L01_LOSS01__WRCL_F16_seed2_final.mat,L01_LOSS01__WRCL_F16_seed2,LOSS01__WRCL,WRCL,Charb,1,1,0.01,0.0001,2,1000,6.56777143478394,0.300821036100388,0.299992054700851,1,0.0458026042908851,0.0456763847036526,0.00100985699425633,0.00104968320696705,0.492492492492492,2,0.001734519,4.693045e-05,0.001109723,3.285688e-05,1
MIMOSA_loss8Abl_minChange_v1/L01_LOSS01__WRCL_F16_seed3,MIMOSA_loss8Abl_minChange_v1/L01_LOSS01__WRCL_F16_seed3/L01_LOSS01__WRCL_F16_seed3_final.mat,L01_LOSS01__WRCL_F16_seed3,LOSS01__WRCL,WRCL,Charb,1,1,0.01,0.0001,3,1000,4.64383554458618,0.301341593265533,0.300219506025314,1,0.0648906685803807,0.0646490391709311,0.00101606307231747,0.00107296251139061,0.504504504504504,2,0.001914535,5.238934e-05,0.001293615,3.756205e-05,1
MIMOSA_loss8Abl_minChange_v1/L01_LOSS01__WRCL_F16_seed4,MIMOSA_loss8Abl_minChange_v1/L01_LOSS01__WRCL_F16_seed4/L01_LOSS01__WRCL_F16_seed4_final.mat,L01_LOSS01__WRCL_F16_seed4,LOSS01__WRCL,WRCL,Charb,1,1,0.01,0.0001,4,1000,6.11385345458984,0.301628470420837,0.300182849168777,1,0.0493352470191114,0.0490987969205284,0.00101540139644546,0.00106370941803586,0.48948948948949,2,0.005293437,0.0001585779,0.003174433,0.0001285531,1
MIMOSA_loss8Abl_minChange_v1/L02_LOSS02__WCL_F16_seed0,MIMOSA_loss8Abl_minChange_v1/L02_LOSS02__WCL_F16_seed0/L02_LOSS02__WCL_F16_seed0_final.mat,L02_LOSS02__WCL_F16_seed0,LOSS02__WCL,WCL,Charb,1,0,0.01,0.0001,0,1000,0.124275915324688,0.00882027950137854,0.0088147334754467,1,0.070973361800107,0.0709287350844852,0.000964941979852263,0.000991096804667312,0.486486486486487,2,0.002136864,5.841195e-05,0.001590138,3.798915e-05,2
MIMOSA_loss8Abl_minChange_v1/L02_LOSS02__WCL_F16_seed1,MIMOSA_loss8Abl_minChange_v1/L02_LOSS02__WCL_F16_seed1/L02_LOSS02__WCL_F16_seed1_final.mat,L02_LOSS02__WCL_F16_seed1,LOSS02__WCL,WCL,Charb,1,0,0.01,0.0001,1,1000,0.0857786536216736,0.00882242247462273,0.00881487503647804,1,0.102851025309094,0.102763037938973,0.000949240939657004,0.000984741395032697,0.486486486486487,2,0.002216532,5.994885e-05,0.00148793,4.144164e-05,2
MIMOSA_loss8Abl_minChange_v1/L02_LOSS02__WCL_F16_seed2,MIMOSA_loss8Abl_minChange_v1/L02_LOSS02__WCL_F16_seed2/L02_LOSS02__WCL_F16_seed2_final.mat,L02_LOSS02__WCL_F16_seed2,LOSS02__WCL,WCL,Charb,1,0,0.01,0.0001,2,1000,0.193592876195908,0.00882464647293091,0.00881637260317802,1,0.0455835289310995,0.04554079042793,0.000978698709057124,0.000994704505103913,0.491491491491492,2,0.002204181,6.101633e-05,0.001798909,3.617729e-05,2
MIMOSA_loss8Abl_minChange_v1/L02_LOSS02__WCL_F16_seed3,MIMOSA_loss8Abl_minChange_v1/L02_LOSS02__WCL_F16_seed3/L02_LOSS02__WCL_F16_seed3_final.mat,L02_LOSS02__WCL_F16_seed3,LOSS02__WCL,WCL,Charb,1,0,0.01,0.0001,3,1000,0.134304359555244,0.00881915166974068,0.00881445966660976,1,0.065665416215421,0.065630480617303,0.000968143673654583,0.000993189521932931,0.49049049049049,2,0.002041063,5.604205e-05,0.001327442,4.030127e-05,2
MIMOSA_loss8Abl_minChange_v1/L02_LOSS02__WCL_F16_seed4,MIMOSA_loss8Abl_minChange_v1/L02_LOSS02__WCL_F16_seed4/L02_LOSS02__WCL_F16_seed4_final.mat,L02_LOSS02__WCL_F16_seed4,LOSS02__WCL,WCL,Charb,1,0,0.01,0.0001,4,1000,0.173777982592583,0.00881739426404238,0.00881213787943125,1,0.0507394212574932,0.0507091735556111,0.000978764061843717,0.00100087683284349,0.481481481481481,2,0.002641614,7.314382e-05,0.002221426,4.134335e-05,2
MIMOSA_loss8Abl_minChange_v1/L03_LOSS03__RCL_F16_seed0,MIMOSA_loss8Abl_minChange_v1/L03_LOSS03__RCL_F16_seed0/L03_LOSS03__RCL_F16_seed0_final.mat,L03_LOSS03__RCL_F16_seed0,LOSS03__RCL,RCL,Charb,0,1,0.01,0.0001,0,1000,4.95895147323608,0.35407155752182,0.351828068494797,1,0.0714004884768034,0.0709480765023907,0.00106589007929675,0.00116934939262906,0.505505505505506,2,0.003292429,9.343515e-05,0.0032061,3.650348e-05,3
MIMOSA_loss8Abl_minChange_v1/L03_LOSS03__RCL_F16_seed1,MIMOSA_loss8Abl_minChange_v1/L03_LOSS03__RCL_F16_seed1/L03_LOSS03__RCL_F16_seed1_final.mat,L03_LOSS03__RCL_F16_seed1,LOSS03__RCL,RCL,Charb,0,1,0.01,0.0001,1,1000,3.38675451278687,0.353680670261383,0.352530926465988,1,0.10443055997299,0.104091077500595,0.00106729889579375,0.00119126277139572,0.508508508508508,2,0.003240375,9.213694e-05,0.00228366,6.543387e-05,3
MIMOSA_loss8Abl_minChange_v1/L03_LOSS03__RCL_F16_seed2,MIMOSA_loss8Abl_minChange_v1/L03_LOSS03__RCL_F16_seed2/L03_LOSS03__RCL_F16_seed2_final.mat,L03_LOSS03__RCL_F16_seed2,LOSS03__RCL,RCL,Charb,0,1,0.01,0.0001,2,1000,7.80820798873901,0.353322833776474,0.352056950330734,1,0.0452501821526829,0.0450880600053777,0.00102710611916215,0.00107978399639734,0.48948948948949,2,0.002361477,6.601854e-05,0.00179899,4.30223e-05,3
MIMOSA_loss8Abl_minChange_v1/L03_LOSS03__RCL_F16_seed3,MIMOSA_loss8Abl_minChange_v1/L03_LOSS03__RCL_F16_seed3/L03_LOSS03__RCL_F16_seed3_final.mat,L03_LOSS03__RCL_F16_seed3,LOSS03__RCL,RCL,Charb,0,1,0.01,0.0001,3,1000,5.48869323730469,0.354288011789322,0.352420091629028,1,0.0645486997490319,0.0642083782773201,0.00104254231787305,0.00112197407202787,0.495495495495495,2,0.001681564,4.565856e-05,0.001114369,3.116686e-05,3
MIMOSA_loss8Abl_minChange_v1/L03_LOSS03__RCL_F16_seed4,MIMOSA_loss8Abl_minChange_v1/L03_LOSS03__RCL_F16_seed4/L03_LOSS03__RCL_F16_seed4_final.mat,L03_LOSS03__RCL_F16_seed4,LOSS03__RCL,RCL,Charb,0,1,0.01,0.0001,4,1000,7.23719787597656,0.354623734951019,0.352367430925369,1,0.0490001435677434,0.0486883787017944,0.00103655036080025,0.00110113302568088,0.500500500500501,2,0.002555382,7.370143e-05,0.001437024,6.062436e-05,3
MIMOSA_loss8Abl_minChange_v1/L04_LOSS04__CL_F16_seed0,MIMOSA_loss8Abl_minChange_v1/L04_LOSS04__CL_F16_seed0/L04_LOSS04__CL_F16_seed0_final.mat,L04_LOSS04__CL_F16_seed0,LOSS04__CL,CL,Charb,0,0,0.01,0.0001,0,1000,0.140678957104683,0.0100003844127059,0.0100002568215132,1,0.0710865691537957,0.0710856621866462,0.000953963061597157,0.00097374888945048,0.486486486486487,2,0.002406568,6.639474e-05,0.001461203,5.063524e-05,4
MIMOSA_loss8Abl_minChange_v1/L04_LOSS04__CL_F16_seed1,MIMOSA_loss8Abl_minChange_v1/L04_LOSS04__CL_F16_seed1/L04_LOSS04__CL_F16_seed1_final.mat,L04_LOSS04__CL_F16_seed1,LOSS04__CL,CL,Charb,0,0,0.01,0.0001,1,1000,0.0973898768424988,0.010000548325479,0.0100005092099309,1,0.102685706663868,0.10268530502512,0.00109547198061225,0.00120387456443502,0.487487487487487,2,0.003595351,9.844044e-05,0.00201248,7.791826e-05,4
MIMOSA_loss8Abl_minChange_v1/L04_LOSS04__CL_F16_seed2,MIMOSA_loss8Abl_minChange_v1/L04_LOSS04__CL_F16_seed2/L04_LOSS04__CL_F16_seed2_final.mat,L04_LOSS04__CL_F16_seed2,LOSS04__CL,CL,Charb,0,0,0.01,0.0001,2,1000,0.221638113260269,0.0100003033876419,0.0100002447143197,1,0.0451199626297963,0.0451196979040173,0.000964576152134787,0.000968678727495441,0.501501501501502,2,0.002108922,5.763587e-05,0.001346692,4.198542e-05,4
MIMOSA_loss8Abl_minChange_v1/L04_LOSS04__CL_F16_seed3,MIMOSA_loss8Abl_minChange_v1/L04_LOSS04__CL_F16_seed3/L04_LOSS04__CL_F16_seed3_final.mat,L04_LOSS04__CL_F16_seed3,LOSS04__CL,CL,Charb,0,0,0.01,0.0001,3,1000,0.153194785118103,0.0100003089755774,0.0100002512335777,1,0.0652783903046555,0.0652780133858225,0.000950477264180439,0.000962412356578605,0.498498498498498,2,0.001979897,5.379306e-05,0.001320419,3.761593e-05,4
MIMOSA_loss8Abl_minChange_v1/L04_LOSS04__CL_F16_seed4,MIMOSA_loss8Abl_minChange_v1/L04_LOSS04__CL_F16_seed4/L04_LOSS04__CL_F16_seed4_final.mat,L04_LOSS04__CL_F16_seed4,LOSS04__CL,CL,Charb,0,0,0.01,0.0001,4,1000,0.198182851076126,0.0100002959370613,0.0100002102553844,1,0.050459945866961,0.0504595135304778,0.000964246999721449,0.000974721097252248,0.485485485485485,2,0.002392272,6.705571e-05,0.002037957,3.829282e-05,4
MIMOSA_loss8Abl_minChange_v1/L05_LOSS05__WRL1_F16_seed0,MIMOSA_loss8Abl_minChange_v1/L05_LOSS05__WRL1_F16_seed0/L05_LOSS05__WRL1_F16_seed0_final.mat,L05_LOSS05__WRL1_F16_seed0,LOSS05__WRL1,WRL1,L1,1,1,0.01,0.0001,0,1000,5.25235843658447,0.00227875355631113,0.00215166271664202,1,0.000433853398206572,0.000409656489103058,0.00116381811457714,0.00126209008757352,0.466466466466466,2,0.002203621,5.913515e-05,0.001461481,3.837528e-05,5
MIMOSA_loss8Abl_minChange_v1/L05_LOSS05__WRL1_F16_seed1,MIMOSA_loss8Abl_minChange_v1/L05_LOSS05__WRL1_F16_seed1/L05_LOSS05__WRL1_F16_seed1_final.mat,L05_LOSS05__WRL1_F16_seed1,LOSS05__WRL1,WRL1,L1,1,1,0.01,0.0001,1,1000,3.83475780487061,0.00365186086855829,0.00210186326876283,1,0.000952305479089184,0.000548108479261247,0.00122519277051957,0.00136234767534352,0.462462462462462,2,0.004044934,0.0001172886,0.002192111,9.879377e-05,5
MIMOSA_loss8Abl_minChange_v1/L05_LOSS05__WRL1_F16_seed2,MIMOSA_loss8Abl_minChange_v1/L05_LOSS05__WRL1_F16_seed2/L05_LOSS05__WRL1_F16_seed2_final.mat,L05_LOSS05__WRL1_F16_seed2,LOSS05__WRL1,WRL1,L1,1,1,0.01,0.0001,2,1000,7.98063850402832,0.00228319549933076,0.00205474114045501,1,0.00028609183315073,0.000257465757836024,0.00111651815960713,0.00118814192687842,0.445445445445445,2,0.002550971,6.904673e-05,0.001485204,5.220254e-05,5
MIMOSA_loss8Abl_minChange_v1/L05_LOSS05__WRL1_F16_seed3,MIMOSA_loss8Abl_minChange_v1/L05_LOSS05__WRL1_F16_seed3/L05_LOSS05__WRL1_F16_seed3_final.mat,L05_LOSS05__WRL1_F16_seed3,LOSS05__WRL1,WRL1,L1,1,1,0.01,0.0001,3,1000,6.25635385513306,0.00230116792954504,0.0020554147195071,1,0.000367812943901349,0.000328532363593968,0.00114208280373078,0.00122701979324047,0.467467467467467,2,0.002829604,7.781189e-05,0.001521884,6.189047e-05,5
MIMOSA_loss8Abl_minChange_v1/L05_LOSS05__WRL1_F16_seed4,MIMOSA_loss8Abl_minChange_v1/L05_LOSS05__WRL1_F16_seed4/L05_LOSS05__WRL1_F16_seed4_final.mat,L05_LOSS05__WRL1_F16_seed4,LOSS05__WRL1,WRL1,L1,1,1,0.01,0.0001,4,1000,8.70985984802246,0.00225701206363738,0.00206874869763851,1,0.000259132994447646,0.000237518023680738,0.00110120062606992,0.00116432024070947,0.44044044044044,2,0.002024248,5.352328e-05,0.001235801,3.84102e-05,5
MIMOSA_loss8Abl_minChange_v1/L06_LOSS06__WL1_F16_seed0,MIMOSA_loss8Abl_minChange_v1/L06_LOSS06__WL1_F16_seed0/L06_LOSS06__WL1_F16_seed0_final.mat,L06_LOSS06__WL1_F16_seed0,LOSS06__WL1,WL1,L1,1,0,0.01,0.0001,0,1000,0.152418419718742,6.9619454734493e-05,6.65146071696654e-05,1,0.000456765362499899,0.000436394809055262,0.00116666408023937,0.00127388978257137,0.448448448448448,2,0.00232418,6.358203e-05,0.00190522,3.754042e-05,6
MIMOSA_loss8Abl_minChange_v1/L06_LOSS06__WL1_F16_seed1,MIMOSA_loss8Abl_minChange_v1/L06_LOSS06__WL1_F16_seed1/L06_LOSS06__WL1_F16_seed1_final.mat,L06_LOSS06__WL1_F16_seed1,LOSS06__WL1,WL1,L1,1,0,0.01,0.0001,1,1000,0.114141434431076,6.9158042606432e-05,6.44296596874483e-05,1,0.000605897787697708,0.000564472139399597,0.00123138921450136,0.00137862243262064,0.433433433433433,2,0.002118893,5.725384e-05,0.001537864,3.660502e-05,6
MIMOSA_loss8Abl_minChange_v1/L06_LOSS06__WL1_F16_seed2,MIMOSA_loss8Abl_minChange_v1/L06_LOSS06__WL1_F16_seed2/L06_LOSS06__WL1_F16_seed2_final.mat,L06_LOSS06__WL1_F16_seed2,LOSS06__WL1,WL1,L1,1,0,0.01,0.0001,2,1000,0.224497094750404,7.46003570384346e-05,5.83311084483285e-05,1,0.00033229987729407,0.000259830126145645,0.00112053142548204,0.00118920592076315,0.462462462462462,2,0.002810109,7.616961e-05,0.002200953,4.700701e-05,6
MIMOSA_loss8Abl_minChange_v1/L06_LOSS06__WL1_F16_seed3,MIMOSA_loss8Abl_minChange_v1/L06_LOSS06__WL1_F16_seed3/L06_LOSS06__WL1_F16_seed3_final.mat,L06_LOSS06__WL1_F16_seed3,LOSS06__WL1,WL1,L1,1,0,0.01,0.0001,3,1000,0.18303881585598,6.9748901296407e-05,6.7669345298782e-05,1,0.000381060710922034,0.00036969942677091,0.0011378799085124,0.00123319516806409,0.446446446446446,2,0.002852338,7.989776e-05,0.001712698,6.315928e-05,6
MIMOSA_loss8Abl_minChange_v1/L06_LOSS06__WL1_F16_seed4,MIMOSA_loss8Abl_minChange_v1/L06_LOSS06__WL1_F16_seed4/L06_LOSS06__WL1_F16_seed4_final.mat,L06_LOSS06__WL1_F16_seed4,LOSS06__WL1,WL1,L1,1,0,0.01,0.0001,4,1000,0.248048469424248,6.86756247887388e-05,6.86756247887388e-05,1,0.000276863731302772,0.000276863731302772,0.00112114838578042,0.0012046045850261,0.462462462462462,2,0.002614683,7.283429e-05,0.001917507,4.870537e-05,6
MIMOSA_loss8Abl_minChange_v1/L07_LOSS07__RL1_F16_seed0,MIMOSA_loss8Abl_minChange_v1/L07_LOSS07__RL1_F16_seed0/L07_LOSS07__RL1_F16_seed0_final.mat,L07_LOSS07__RL1_F16_seed0,LOSS07__RL1,RL1,L1,0,1,0.01,0.0001,0,1000,6.18569898605347,0.00268831662833691,0.00248189573176205,1,0.000434601915547151,0.00040123124926671,0.00114376528780098,0.00123990248270788,0.473473473473473,2,0.002440055,6.535365e-05,0.001433631,4.679924e-05,7
MIMOSA_loss8Abl_minChange_v1/L07_LOSS07__RL1_F16_seed1,MIMOSA_loss8Abl_minChange_v1/L07_LOSS07__RL1_F16_seed1/L07_LOSS07__RL1_F16_seed1_final.mat,L07_LOSS07__RL1_F16_seed1,LOSS07__RL1,RL1,L1,0,1,0.01,0.0001,1,1000,4.56282234191895,0.00262255570851266,0.00236531160771847,1,0.000574766123243299,0.00051838783771794,0.00123352254394128,0.0013890957649364,0.442442442442442,2,0.002199674,5.891972e-05,0.00127548,4.437997e-05,7
MIMOSA_loss8Abl_minChange_v1/L07_LOSS07__RL1_F16_seed2,MIMOSA_loss8Abl_minChange_v1/L07_LOSS07__RL1_F16_seed2/L07_LOSS07__RL1_F16_seed2_final.mat,L07_LOSS07__RL1_F16_seed2,LOSS07__RL1,RL1,L1,0,1,0.01,0.0001,2,1000,9.5487174987793,0.00261573679745197,0.00249333772808313,1,0.000273935928860223,0.000261117550959266,0.00110848183382377,0.00117631573154404,0.457457457457457,2,0.002295596,6.193013e-05,0.001442199,4.513725e-05,7
MIMOSA_loss8Abl_minChange_v1/L07_LOSS07__RL1_F16_seed3,MIMOSA_loss8Abl_minChange_v1/L07_LOSS07__RL1_F16_seed3/L07_LOSS07__RL1_F16_seed3_final.mat,L07_LOSS07__RL1_F16_seed3,LOSS07__RL1,RL1,L1,0,1,0.01,0.0001,3,1000,7.41748857498169,0.00266847782768309,0.00245943339541554,1,0.00035975489556985,0.000331572252596508,0.00114810705366179,0.00124502926379545,0.462462462462462,2,0.002258012,6.202707e-05,0.001575378,4.019795e-05,7
MIMOSA_loss8Abl_minChange_v1/L07_LOSS07__RL1_F16_seed4,MIMOSA_loss8Abl_minChange_v1/L07_LOSS07__RL1_F16_seed4/L07_LOSS07__RL1_F16_seed4_final.mat,L07_LOSS07__RL1_F16_seed4,LOSS07__RL1,RL1,L1,0,1,0.01,0.0001,4,1000,10.3218288421631,0.00251510995440185,0.00246627489104867,1,0.000243669023470726,0.000238937782127748,0.0011037760899212,0.00117702631868221,0.445445445445445,2,0.002233149,5.986654e-05,0.001506239,3.961148e-05,7
MIMOSA_loss8Abl_minChange_v1/L08_LOSS08__L1_F16_seed0,MIMOSA_loss8Abl_minChange_v1/L08_LOSS08__L1_F16_seed0/L08_LOSS08__L1_F16_seed0_final.mat,L08_LOSS08__L1_F16_seed0,LOSS08__L1,L1,L1,0,0,0.01,0.0001,0,1000,0.171258002519608,8.12900907476433e-05,7.88202669355087e-05,1,0.000474664480209246,0.000460242825303795,0.00115175215230558,0.00125826731050221,0.442442442442442,2,0.002639134,7.107236e-05,0.001772126,4.864984e-05,8
MIMOSA_loss8Abl_minChange_v1/L08_LOSS08__L1_F16_seed1,MIMOSA_loss8Abl_minChange_v1/L08_LOSS08__L1_F16_seed1/L08_LOSS08__L1_F16_seed1_final.mat,L08_LOSS08__L1_F16_seed1,LOSS08__L1,L1,L1,0,0,0.01,0.0001,1,1000,0.127678617835045,8.02643990027718e-05,7.73319261497818e-05,1,0.000628644015448772,0.000605676404248762,0.00122259367916293,0.00135728047736107,0.453453453453453,2,0.002683197,7.451652e-05,0.001964407,4.929702e-05,8
MIMOSA_loss8Abl_minChange_v1/L08_LOSS08__L1_F16_seed2,MIMOSA_loss8Abl_minChange_v1/L08_LOSS08__L1_F16_seed2/L08_LOSS08__L1_F16_seed2_final.mat,L08_LOSS08__L1_F16_seed2,LOSS08__L1,L1,L1,0,0,0.01,0.0001,2,1000,0.254886358976364,7.68362297094427e-05,6.95406779414043e-05,1,0.000301452890684385,0.000272830127985989,0.001119225914804,0.00119000013415618,0.432432432432432,2,0.002414807,6.643865e-05,0.001470435,5.17772e-05,8
MIMOSA_loss8Abl_minChange_v1/L08_LOSS08__L1_F16_seed3,MIMOSA_loss8Abl_minChange_v1/L08_LOSS08__L1_F16_seed3/L08_LOSS08__L1_F16_seed3_final.mat,L08_LOSS08__L1_F16_seed3,LOSS08__L1,L1,L1,0,0,0.01,0.0001,3,1000,0.209416538476944,7.69079051679e-05,7.31667460058816e-05,1,0.000367248478688646,0.000349383800047564,0.00114848622911979,0.0012539322702595,0.463463463463463,2,0.002373433,6.554954e-05,0.001756878,4.136967e-05,8
MIMOSA_loss8Abl_minChange_v1/L08_LOSS08__L1_F16_seed4,MIMOSA_loss8Abl_minChange_v1/L08_LOSS08__L1_F16_seed4/L08_LOSS08__L1_F16_seed4_final.mat,L08_LOSS08__L1_F16_seed4,LOSS08__L1,L1,L1,0,0,0.01,0.0001,4,1000,0.282891988754272,7.70973128965124e-05,7.3699324275367e-05,1,0.000272532683714424,0.000260521072370784,0.00109943058568579,0.00116087310536869,0.439439439439439,2,0.002293539,6.262375e-05,0.00173168,4.066108e-05,8
