run_dir,final_file,run_name,cfg_name,loss_name,loss_mode,use_weight,use_norm,tau,epsA,neuron_div,numNeurons,cfg_feature_idx,feature_idx,nfeatures,seed,final_train_loss,mean_abs_gt,mean_abs_pred,mean_abs_err,mean_dphi,std_dphi,mean_abs_dphi,complex_nrse,complex_mae,nrse_re,nrse_im,mag_nrse,mag_mae
MIMOSA_tauEpsAbl_fullLoss_v1/TE11_TAUEPS11__tau_1em02__eps_1em04_F16_seed0,MIMOSA_tauEpsAbl_fullLoss_v1/TE11_TAUEPS11__tau_1em02__eps_1em04_F16_seed0/TE11_TAUEPS11__tau_1em02__eps_1em04_F16_seed0_final.mat,TE11_TAUEPS11__tau_1em02__eps_1em04_F16_seed0,TAUEPS11__tau_1em02__eps_1em04,relCplx_full,1,1,1,0.01,0.0001,NaN,,[1 2 3 4 5 6 7 8 9 10 11 16 17 18 19 20],[1 2 3 4 5 6 7 8 9 10 11 16 17 18 19 20],16,0,0.30120974779129,0.03003563,0.03002642,4.546054e-05,9.734477e-06,0.003443734,0.001052237,0.001675445,4.546054e-05,0.001357181,0.00446424,0.001303408,3.229944e-05
MIMOSA_tauEpsAbl_fullLoss_v1/TE03_TAUEPS03__tau_1em03__eps_1em04_F16_seed0,MIMOSA_tauEpsAbl_fullLoss_v1/TE03_TAUEPS03__tau_1em03__eps_1em04_F16_seed0/TE03_TAUEPS03__tau_1em03__eps_1em04_F16_seed0_final.mat,TE03_TAUEPS03__tau_1em03__eps_1em04_F16_seed0,TAUEPS03__tau_1em03__eps_1em04,relCplx_full,1,1,1,0.001,0.0001,NaN,,[1 2 3 4 5 6 7 8 9 10 11 16 17 18 19 20],[1 2 3 4 5 6 7 8 9 10 11 16 17 18 19 20],16,0,0.35337507724762,0.03003563,0.03003848,4.720455e-05,0.0002041741,0.003429384,0.001113784,0.001763094,4.720455e-05,0.001380641,0.004943474,0.001326971,3.25365e-05
MIMOSA_tauEpsAbl_fullLoss_v1/TE05_TAUEPS05__tau_3em03__eps_1em06_F16_seed0,MIMOSA_tauEpsAbl_fullLoss_v1/TE05_TAUEPS05__tau_3em03__eps_1em06_F16_seed0/TE05_TAUEPS05__tau_3em03__eps_1em06_F16_seed0_final.mat,TE05_TAUEPS05__tau_3em03__eps_1em06_F16_seed0,TAUEPS05__tau_3em03__eps_1em06,relCplx_full,1,1,1,0.003,1e-06,NaN,,[1 2 3 4 5 6 7 8 9 10 11 16 17 18 19 20],[1 2 3 4 5 6 7 8 9 10 11 16 17 18 19 20],16,0,0.0392461977899075,0.03003563,0.03005269,5.004528e-05,0.0003334297,0.005250547,0.001145483,0.001879568,5.004528e-05,0.001448429,0.005383932,0.001445365,3.522731e-05
MIMOSA_tauEpsAbl_fullLoss_v1/TE18_TAUEPS18__tau_1em01__eps_1em05_F16_seed0,MIMOSA_tauEpsAbl_fullLoss_v1/TE18_TAUEPS18__tau_1em01__eps_1em05_F16_seed0/TE18_TAUEPS18__tau_1em01__eps_1em05_F16_seed0_final.mat,TE18_TAUEPS18__tau_1em01__eps_1em05_F16_seed0,TAUEPS18__tau_1em01__eps_1em05,relCplx_full,1,1,1,0.1,1e-05,NaN,,[1 2 3 4 5 6 7 8 9 10 11 16 17 18 19 20],[1 2 3 4 5 6 7 8 9 10 11 16 17 18 19 20],16,0,0.00847661308944225,0.03003563,0.03002873,5.127323e-05,-0.0004616463,0.005424437,0.00139816,0.001881699,5.127323e-05,0.001425107,0.005506888,0.001367602,3.383469e-05
MIMOSA_tauEpsAbl_fullLoss_v1/TE10_TAUEPS10__tau_1em02__eps_1em05_F16_seed0,MIMOSA_tauEpsAbl_fullLoss_v1/TE10_TAUEPS10__tau_1em02__eps_1em05_F16_seed0/TE10_TAUEPS10__tau_1em02__eps_1em05_F16_seed0_final.mat,TE10_TAUEPS10__tau_1em02__eps_1em05_F16_seed0,TAUEPS10__tau_1em02__eps_1em05,relCplx_full,1,1,1,0.01,1e-05,NaN,,[1 2 3 4 5 6 7 8 9 10 11 16 17 18 19 20],[1 2 3 4 5 6 7 8 9 10 11 16 17 18 19 20],16,0,0.0993899255990982,0.03003563,0.03005689,5.209608e-05,-0.0002583962,0.004227442,0.001212156,0.001918963,5.209608e-05,0.001574717,0.005001814,0.001474526,3.679534e-05
MIMOSA_tauEpsAbl_fullLoss_v1/TE04_TAUEPS04__tau_1em03__eps_1em03_F16_seed0,MIMOSA_tauEpsAbl_fullLoss_v1/TE04_TAUEPS04__tau_1em03__eps_1em03_F16_seed0/TE04_TAUEPS04__tau_1em03__eps_1em03_F16_seed0_final.mat,TE04_TAUEPS04__tau_1em03__eps_1em03_F16_seed0,TAUEPS04__tau_1em03__eps_1em03,relCplx_full,1,1,1,0.001,0.001,NaN,,[1 2 3 4 5 6 7 8 9 10 11 16 17 18 19 20],[1 2 3 4 5 6 7 8 9 10 11 16 17 18 19 20],16,0,0.715969681739807,0.03003563,0.03003077,5.43775e-05,0.0001230574,0.004797047,0.001328202,0.002013268,5.43775e-05,0.001594321,0.005555661,0.00153904,3.792021e-05
MIMOSA_tauEpsAbl_fullLoss_v1/TE02_TAUEPS02__tau_1em03__eps_1em05_F16_seed0,MIMOSA_tauEpsAbl_fullLoss_v1/TE02_TAUEPS02__tau_1em03__eps_1em05_F16_seed0/TE02_TAUEPS02__tau_1em03__eps_1em05_F16_seed0_final.mat,TE02_TAUEPS02__tau_1em03__eps_1em05_F16_seed0,TAUEPS02__tau_1em03__eps_1em05,relCplx_full,1,1,1,0.001,1e-05,NaN,,[1 2 3 4 5 6 7 8 9 10 11 16 17 18 19 20],[1 2 3 4 5 6 7 8 9 10 11 16 17 18 19 20],16,0,0.128008008003235,0.03003563,0.03002837,5.749168e-05,0.00118255,0.004470791,0.00162953,0.002113606,5.749168e-05,0.00131226,0.00729172,0.001340576,3.255132e-05
MIMOSA_tauEpsAbl_fullLoss_v1/TE06_TAUEPS06__tau_3em03__eps_1em05_F16_seed0,MIMOSA_tauEpsAbl_fullLoss_v1/TE06_TAUEPS06__tau_3em03__eps_1em05_F16_seed0/TE06_TAUEPS06__tau_3em03__eps_1em05_F16_seed0_final.mat,TE06_TAUEPS06__tau_3em03__eps_1em05_F16_seed0,TAUEPS06__tau_3em03__eps_1em05,relCplx_full,1,1,1,0.003,1e-05,NaN,,[1 2 3 4 5 6 7 8 9 10 11 16 17 18 19 20],[1 2 3 4 5 6 7 8 9 10 11 16 17 18 19 20],16,0,0.122732065618038,0.03003563,0.03002232,5.893529e-05,-0.001045563,0.004980437,0.001561524,0.002197955,5.893529e-05,0.001747553,0.006029618,0.001470878,3.681734e-05
MIMOSA_tauEpsAbl_fullLoss_v1/TE09_TAUEPS09__tau_1em02__eps_1em06_F16_seed0,MIMOSA_tauEpsAbl_fullLoss_v1/TE09_TAUEPS09__tau_1em02__eps_1em06_F16_seed0/TE09_TAUEPS09__tau_1em02__eps_1em06_F16_seed0_final.mat,TE09_TAUEPS09__tau_1em02__eps_1em06_F16_seed0,TAUEPS09__tau_1em02__eps_1em06,relCplx_full,1,1,1,0.01,1e-06,NaN,,[1 2 3 4 5 6 7 8 9 10 11 16 17 18 19 20],[1 2 3 4 5 6 7 8 9 10 11 16 17 18 19 20],16,0,0.0315351411700249,0.03003563,0.03007885,6.28303e-05,9.565717e-05,0.005577744,0.001157521,0.002264149,6.28303e-05,0.002043529,0.004688907,0.001957707,5.148472e-05
MIMOSA_tauEpsAbl_fullLoss_v1/TE17_TAUEPS17__tau_1em01__eps_1em06_F16_seed0,MIMOSA_tauEpsAbl_fullLoss_v1/TE17_TAUEPS17__tau_1em01__eps_1em06_F16_seed0/TE17_TAUEPS17__tau_1em01__eps_1em06_F16_seed0_final.mat,TE17_TAUEPS17__tau_1em01__eps_1em06_F16_seed0,TAUEPS17__tau_1em01__eps_1em06,relCplx_full,1,1,1,0.1,1e-06,NaN,,[1 2 3 4 5 6 7 8 9 10 11 16 17 18 19 20],[1 2 3 4 5 6 7 8 9 10 11 16 17 18 19 20],16,0,0.00267185689881444,0.03003563,0.03008285,6.691478e-05,-0.0002275184,0.01272952,0.001557385,0.002415247,6.691478e-05,0.00218151,0.004989381,0.002045058,5.371647e-05
MIMOSA_tauEpsAbl_fullLoss_v1/TE14_TAUEPS14__tau_3em02__eps_1em05_F16_seed0,MIMOSA_tauEpsAbl_fullLoss_v1/TE14_TAUEPS14__tau_3em02__eps_1em05_F16_seed0/TE14_TAUEPS14__tau_3em02__eps_1em05_F16_seed0_final.mat,TE14_TAUEPS14__tau_3em02__eps_1em05_F16_seed0,TAUEPS14__tau_3em02__eps_1em05,relCplx_full,1,1,1,0.03,1e-05,NaN,,[1 2 3 4 5 6 7 8 9 10 11 16 17 18 19 20],[1 2 3 4 5 6 7 8 9 10 11 16 17 18 19 20],16,0,0.048826701939106,0.03003563,0.03007919,6.667677e-05,0.0002957786,0.006322502,0.001322147,0.002422313,6.667677e-05,0.002160475,0.005211023,0.002061569,5.37879e-05
MIMOSA_tauEpsAbl_fullLoss_v1/TE01_TAUEPS01__tau_1em03__eps_1em06_F16_seed0,MIMOSA_tauEpsAbl_fullLoss_v1/TE01_TAUEPS01__tau_1em03__eps_1em06_F16_seed0/TE01_TAUEPS01__tau_1em03__eps_1em06_F16_seed0_final.mat,TE01_TAUEPS01__tau_1em03__eps_1em06_F16_seed0,TAUEPS01__tau_1em03__eps_1em06,relCplx_full,1,1,1,0.001,1e-06,NaN,,[1 2 3 4 5 6 7 8 9 10 11 16 17 18 19 20],[1 2 3 4 5 6 7 8 9 10 11 16 17 18 19 20],16,0,0.0423181541264057,0.03003563,0.0299968,6.822139e-05,-0.0009039144,0.004279723,0.001534718,0.002508694,6.822139e-05,0.00219124,0.005723803,0.001864475,4.83344e-05
MIMOSA_tauEpsAbl_fullLoss_v1/TE08_TAUEPS08__tau_3em03__eps_1em03_F16_seed0,MIMOSA_tauEpsAbl_fullLoss_v1/TE08_TAUEPS08__tau_3em03__eps_1em03_F16_seed0/TE08_TAUEPS08__tau_3em03__eps_1em03_F16_seed0_final.mat,TE08_TAUEPS08__tau_3em03__eps_1em03_F16_seed0,TAUEPS08__tau_3em03__eps_1em03,relCplx_full,1,1,1,0.003,0.001,NaN,,[1 2 3 4 5 6 7 8 9 10 11 16 17 18 19 20],[1 2 3 4 5 6 7 8 9 10 11 16 17 18 19 20],16,0,0.712658226490021,0.03003563,0.03003716,6.852177e-05,0.001174234,0.006914369,0.001888324,0.002575777,6.852177e-05,0.001788821,0.008219928,0.001720738,4.190406e-05
MIMOSA_tauEpsAbl_fullLoss_v1/TE19_TAUEPS19__tau_1em01__eps_1em04_F16_seed0,MIMOSA_tauEpsAbl_fullLoss_v1/TE19_TAUEPS19__tau_1em01__eps_1em04_F16_seed0/TE19_TAUEPS19__tau_1em01__eps_1em04_F16_seed0_final.mat,TE19_TAUEPS19__tau_1em01__eps_1em04_F16_seed0,TAUEPS19__tau_1em01__eps_1em04,relCplx_full,1,1,1,0.1,0.0001,NaN,,[1 2 3 4 5 6 7 8 9 10 11 16 17 18 19 20],[1 2 3 4 5 6 7 8 9 10 11 16 17 18 19 20],16,0,0.0280659291893244,0.03003563,0.03003513,7.339057e-05,-0.001906497,0.007551214,0.002399761,0.002634322,7.339057e-05,0.001557616,0.009327869,0.001390709,3.448288e-05
MIMOSA_tauEpsAbl_fullLoss_v1/TE20_TAUEPS20__tau_1em01__eps_1em03_F16_seed0,MIMOSA_tauEpsAbl_fullLoss_v1/TE20_TAUEPS20__tau_1em01__eps_1em03_F16_seed0/TE20_TAUEPS20__tau_1em01__eps_1em03_F16_seed0_final.mat,TE20_TAUEPS20__tau_1em01__eps_1em03_F16_seed0,TAUEPS20__tau_1em01__eps_1em03,relCplx_full,1,1,1,0.1,0.001,NaN,,[1 2 3 4 5 6 7 8 9 10 11 16 17 18 19 20],[1 2 3 4 5 6 7 8 9 10 11 16 17 18 19 20],16,0,0.113293029367924,0.03003563,0.03002,7.663337e-05,-0.001093978,0.009004182,0.002104207,0.002785153,7.663337e-05,0.002113665,0.008130988,0.001932899,4.822787e-05
MIMOSA_tauEpsAbl_fullLoss_v1/TE07_TAUEPS07__tau_3em03__eps_1em04_F16_seed0,MIMOSA_tauEpsAbl_fullLoss_v1/TE07_TAUEPS07__tau_3em03__eps_1em04_F16_seed0/TE07_TAUEPS07__tau_3em03__eps_1em04_F16_seed0_final.mat,TE07_TAUEPS07__tau_3em03__eps_1em04_F16_seed0,TAUEPS07__tau_3em03__eps_1em04,relCplx_full,1,1,1,0.003,0.0001,NaN,,[1 2 3 4 5 6 7 8 9 10 11 16 17 18 19 20],[1 2 3 4 5 6 7 8 9 10 11 16 17 18 19 20],16,0,0.347993910312653,0.03003563,0.03003724,7.737934e-05,-0.001962973,0.004822628,0.002447834,0.002862006,7.737934e-05,0.001564663,0.01049145,0.001454011,3.47398e-05
MIMOSA_tauEpsAbl_fullLoss_v1/TE13_TAUEPS13__tau_3em02__eps_1em06_F16_seed0,MIMOSA_tauEpsAbl_fullLoss_v1/TE13_TAUEPS13__tau_3em02__eps_1em06_F16_seed0/TE13_TAUEPS13__tau_3em02__eps_1em06_F16_seed0_final.mat,TE13_TAUEPS13__tau_3em02__eps_1em06_F16_seed0,TAUEPS13__tau_3em02__eps_1em06,relCplx_full,1,1,1,0.03,1e-06,NaN,,[1 2 3 4 5 6 7 8 9 10 11 16 17 18 19 20],[1 2 3 4 5 6 7 8 9 10 11 16 17 18 19 20],16,0,0.0154148759320378,0.03003563,0.03010986,9.748383e-05,0.0007640089,0.009046898,0.001760682,0.003365718,9.748383e-05,0.003178359,0.005751432,0.00295996,8.281929e-05
MIMOSA_tauEpsAbl_fullLoss_v1/TE15_TAUEPS15__tau_3em02__eps_1em04_F16_seed0,MIMOSA_tauEpsAbl_fullLoss_v1/TE15_TAUEPS15__tau_3em02__eps_1em04_F16_seed0/TE15_TAUEPS15__tau_3em02__eps_1em04_F16_seed0_final.mat,TE15_TAUEPS15__tau_3em02__eps_1em04_F16_seed0,TAUEPS15__tau_3em02__eps_1em04,relCplx_full,1,1,1,0.03,0.0001,NaN,,[1 2 3 4 5 6 7 8 9 10 11 16 17 18 19 20],[1 2 3 4 5 6 7 8 9 10 11 16 17 18 19 20],16,0,0.156953781843185,0.03003563,0.0299694,0.0001004144,0.001867991,0.007699409,0.002547401,0.00343317,0.0001004144,0.002533864,0.01034327,0.002620026,7.119621e-05
MIMOSA_tauEpsAbl_fullLoss_v1/TE12_TAUEPS12__tau_1em02__eps_1em03_F16_seed0,MIMOSA_tauEpsAbl_fullLoss_v1/TE12_TAUEPS12__tau_1em02__eps_1em03_F16_seed0/TE12_TAUEPS12__tau_1em02__eps_1em03_F16_seed0_final.mat,TE12_TAUEPS12__tau_1em02__eps_1em03_F16_seed0,TAUEPS12__tau_1em02__eps_1em03,relCplx_full,1,1,1,0.01,0.001,NaN,,[1 2 3 4 5 6 7 8 9 10 11 16 17 18 19 20],[1 2 3 4 5 6 7 8 9 10 11 16 17 18 19 20],16,0,0.677218496799469,0.03003563,0.03003847,9.842772e-05,0.0004646887,0.009211805,0.002459208,0.003665356,9.842772e-05,0.002830308,0.01047189,0.002723078,6.644063e-05
MIMOSA_tauEpsAbl_fullLoss_v1/TE16_TAUEPS16__tau_3em02__eps_1em03_F16_seed0,MIMOSA_tauEpsAbl_fullLoss_v1/TE16_TAUEPS16__tau_3em02__eps_1em03_F16_seed0/TE16_TAUEPS16__tau_3em02__eps_1em03_F16_seed0_final.mat,TE16_TAUEPS16__tau_3em02__eps_1em03_F16_seed0,TAUEPS16__tau_3em02__eps_1em03,relCplx_full,1,1,1,0.03,0.001,NaN,,[1 2 3 4 5 6 7 8 9 10 11 16 17 18 19 20],[1 2 3 4 5 6 7 8 9 10 11 16 17 18 19 20],16,0,0.47545850276947,0.03003563,0.02996227,0.0001496414,-0.0008761945,0.01574333,0.003314159,0.00545784,0.0001496414,0.00473654,0.01265837,0.004502777,0.0001150201
